2,1,1.google.com.png
2,10,10.google.co.in.png
36,100,100.googleadservices.com.png
28,1000,1000.masrawy.com.png
2,1001,1001.xing.com.png
5,1002,1002.thisav.com.png
40,1003,1003.vente-privee.com.png
21,1004,1004.forever21.com.png
40,1005,1005.hilton.com.png
2,1006,1006.blogspot.ru.png
21,1008,1008.hdfilmifullizle.com.tr.png
40,1009,1009.mediaset.it.png
8,1010,1010.fitbit.com.png
8,1011,1011.biobiochile.cl.png
2,1013,1013.blogspot.de.png
2,1016,1016.istartsurf.com.png
36,102,102.directrev.com.png
0,1021,1021.shareba.com.png
12,1022,1022.sfr.fr.png
22,1023,1023.netshoes.com.br.png
3,1024,1024.prntscr.com.png
3,1026,1026.sephora.com.png
22,1027,1027.hdzog.com.png
22,1029,1029.vi-view.com.png
2,103,103.nytimes.com.png
12,1030,1030.harvard.edu.png
3,1032,1032.idealo.de.png
0,1034,1034.ad4game.com.png
21,1035,1035.trafficmonsoon.com.png
40,1036,1036.stanford.edu.png
28,1039,1039.livestrong.com.png
12,104,104.wikia.com.png
47,1040,1040.premierleague.com.png
3,1041,1041.bedbathandbeyond.com.png
2,1045,1045.torcache.net.png
30,1046,1046.indiamart.com.png
47,1047,1047.mbc.net.png
7,1049,1049.usnews.com.png
36,1051,1051.thepiratebay.gd.png
11,1052,1052.myfreecams.com.png
21,1054,1054.noaa.gov.png
6,1055,1055.clickadu.com.png
6,1057,1057.inquirer.net.png
4,1059,1059.ebay.es.png
40,1060,1060.scoop.it.png
3,1061,1061.merriam-webster.com.png
8,1062,1062.breitbart.com.png
12,1063,1063.auto.ru.png
36,1066,1066.16lao.com.png
28,1067,1067.lanacion.com.ar.png
22,1068,1068.alwafd.org.png
5,1069,1069.uber.com.png
29,1071,1071.biblegateway.com.png
36,1072,1072.hardsextube.com.png
7,1074,1074.askubuntu.com.png
36,1075,1075.globososo.com.png
36,1076,1076.cloudsrvtrk.com.png
3,1077,1077.olx.co.id.png
21,1079,1079.tripadvisor.co.uk.png
36,1080,1080.mpnrs.com.png
3,1081,1081.macrumors.com.png
2,1082,1082.blogspot.ca.png
40,1083,1083.movie4k.to.png
6,1085,1085.bahn.de.png
8,1086,1086.lightinthebox.com.png
40,1088,1088.xl415.com.png
0,109,109.booking.com.png
47,1090,1090.heise.de.png
2,1091,1091.blogspot.my.png
28,1094,1094.skysports.com.png
36,1095,1095.2mdn.info.png
33,1096,1096.gumtree.com.au.png
34,1097,1097.bitbucket.org.png
6,1098,1098.mgid.com.png
13,1099,1099.ecollege.com.png
40,110,110.bbc.com.png
36,1100,1100.connect814.com.png
21,1101,1101.jw.org.png
6,1102,1102.indiegogo.com.png
40,1104,1104.shutterfly.com.png
7,1107,1107.drugs.com.png
21,1109,1109.ixxx.com.png
3,1114,1114.syosetu.com.png
6,1115,1115.pcworld.com.png
8,1116,1116.legacy.com.png
21,1117,1117.ryanair.com.png
3,112,112.dailymail.co.uk.png
3,1120,1120.dict.cc.png
16,1121,1121.typepad.com.png
12,1123,1123.chefkoch.de.png
7,1125,1125.gofundme.com.png
6,1126,1126.reimagenetwork.com.png
36,1127,1127.uptobox.com.png
3,1128,1128.apache.org.png
3,113,113.indiatimes.com.png
25,1130,1130.complex.com.png
36,1131,1131.kissanime.com.png
8,1133,1133.popupads.ir.png
2,1135,1135.google.com.ec.png
3,1138,1138.smh.com.au.png
0,1139,1139.moz.com.png
2,1140,1140.salon.com.png
22,1141,1141.1337x.to.png
0,1142,1142.aftonbladet.se.png
9,1143,1143.mangafox.me.png
7,1144,1144.iherb.com.png
30,1149,1149.nationalgeographic.com.png
36,115,115.dmm.co.jp.png
25,1150,1150.hubpages.com.png
0,1151,1151.rollingstone.com.png
25,1152,1152.irs.gov.png
36,1153,1153.videomega.tv.png
29,1154,1154.mail.com.png
3,1155,1155.codeproject.com.png
2,1156,1156.google.kz.png
44,1157,1157.motherless.com.png
18,1158,1158.doodle.com.png
3,1159,1159.theblaze.com.png
21,116,116.chase.com.png
3,1160,1160.foursquare.com.png
7,1161,1161.ukr.net.png
23,1162,1162.xtube.com.png
6,1163,1163.today.com.png
25,1165,1165.freegameszonetab.com.png
4,1167,1167.terra.com.br.png
36,1169,1169.go2cloud.org.png
29,1170,1170.imagebam.com.png
30,1171,1171.qz.com.png
2,1173,1173.serverfault.com.png
16,1174,1174.pnc.com.png
6,1176,1176.sabah.com.tr.png
22,1177,1177.boredpanda.com.png
29,1178,1178.refinery29.com.png
29,1179,1179.springer.com.png
40,118,118.xnxx.com.png
21,1180,1180.sammydress.com.png
29,1182,1182.buzzlie.com.png
3,1183,1183.smartshopping.com.png
3,1184,1184.prothom-alo.com.png
16,1185,1185.tvguide.com.png
1,1186,1186.couchtuner.la.png
6,1187,1187.makeuseof.com.png
7,1188,1188.dailykos.com.png
16,1189,1189.si.com.png
2,119,119.google.com.sa.png
16,1190,1190.haraj.com.sa.png
36,1191,1191.postimg.org.png
21,1192,1192.arstechnica.com.png
12,1193,1193.pbs.org.png
0,1194,1194.fortune.com.png
28,1195,1195.pole-emploi.fr.png
27,1199,1199.websta.me.png
3,12,12.live.com.png
0,120,120.buzzfeed.com.png
40,1200,1200.clicksvenue.com.png
2,1201,1201.google.com.do.png
9,1203,1203.cbslocal.com.png
12,1205,1205.lego.com.png
0,1208,1208.po.st.png
3,1209,1209.gumtree.com.png
2,121,121.google.com.eg.png
40,1210,1210.lynda.com.png
6,1211,1211.firstpost.com.png
22,1213,1213.y8.com.png
1,1214,1214.politico.com.png
12,1215,1215.mcafee.com.png
40,1217,1217.ft.com.png
25,1218,1218.polyvore.com.png
7,122,122.huffingtonpost.com.png
12,1220,1220.abc.go.com.png
3,1221,1221.garanti.com.tr.png
3,1223,1223.oneindia.com.png
0,1224,1224.samsclub.com.png
4,1227,1227.turbobit.net.png
40,1228,1228.credit-agricole.fr.png
8,1229,1229.ascii.jp.png
16,1231,1231.zedo.com.png
29,1232,1232.haberler.com.png
0,1234,1234.abc.net.au.png
18,1236,1236.list-manage1.com.png
16,1239,1239.voyeurhit.com.png
2,124,124.google.com.tw.png
6,1240,1240.creditkarma.com.png
36,1243,1243.adslgate.com.png
40,1244,1244.wattpad.com.png
40,1245,1245.lloydsbank.co.uk.png
36,1247,1247.srv2trking.com.png
18,125,125.terraclicks.com.png
2,1251,1251.oursurfing.com.png
0,1252,1252.ozon.ru.png
3,1253,1253.garmin.com.png
21,1254,1254.6park.com.png
2,1255,1255.lacaixa.es.png
5,1257,1257.alarabiya.net.png
36,1259,1259.b2datings.com.png
40,1260,1260.gorillavid.in.png
40,1261,1261.jeuxvideo.com.png
12,1262,1262.sulekha.com.png
12,1263,1263.tunein.com.png
0,1265,1265.nowvideo.sx.png
0,1266,1266.dlsite.com.png
12,1268,1268.canva.com.png
25,127,127.snapdeal.com.png
3,1270,1270.bs.to.png
29,1271,1271.tickld.com.png
29,1272,1272.tutsplus.com.png
29,1274,1274.td.com.png
6,1275,1275.kinox.to.png
6,1277,1277.todayhumor.co.kr.png
0,1279,1279.discover.com.png
40,1281,1281.cambridge.org.png
3,1282,1282.o2.pl.png
25,1284,1284.express.pk.png
40,1285,1285.duolingo.com.png
0,1286,1286.slimspots.com.png
28,1288,1288.autotrader.com.png
3,1289,1289.gamestop.com.png
4,129,129.office.com.png
36,1290,1290.adsrvmedia.net.png
6,1292,1292.line.me.png
21,1293,1293.zergnet.com.png
3,1294,1294.express.co.uk.png
29,1295,1295.crunchyroll.com.png
5,1299,1299.ashleyrnadison.com.png
2,130,130.google.com.ar.png
6,1300,1300.leo.org.png
40,1301,1301.getbootstrap.com.png
9,1302,1302.inc.com.png
6,1303,1303.depositphotos.com.png
24,1304,1304.eztv.ag.png
2,1306,1306.telegram.org.png
0,1307,1307.americanas.com.br.png
0,1308,1308.pikabu.ru.png
36,1309,1309.gamersky.com.png
6,131,131.microsoftonline.com.png
40,1310,1310.linternaute.com.png
12,1311,1311.fool.com.png
0,1314,1314.virgilio.it.png
21,1316,1316.super.cz.png
3,1317,1317.linkwithin.com.png
1,1318,1318.iconosquare.com.png
40,1319,1319.nextdoor.com.png
0,132,132.walmart.com.png
1,1320,1320.megafilmeshd.net.png
32,1321,1321.psu.edu.png
2,1322,1322.google.lt.png
8,1323,1323.tattoodo.com.png
40,1325,1325.jobrapido.com.png
30,1326,1326.flirt4free.com.png
7,133,133.ameblo.jp.png
21,1330,1330.kbb.com.png
7,1331,1331.javedch.com.png
40,1332,1332.battlefield.com.png
30,1333,1333.abc.es.png
3,1335,1335.brainyquote.com.png
12,1337,1337.labanquepostale.fr.png
12,134,134.amazon.fr.png
13,1340,1340.picofile.com.png
22,1341,1341.evite.com.png
32,1342,1342.reallifecam.com.png
40,1343,1343.tf1.fr.png
3,1344,1344.qualtrics.com.png
22,1346,1346.schwab.com.png
6,1347,1347.cricbuzz.com.png
25,1348,1348.hsbc.co.uk.png
3,135,135.daum.net.png
4,1355,1355.cleartrip.com.png
21,1356,1356.tripadvisor.in.png
4,1357,1357.uploadable.ch.png
0,1358,1358.cvs.com.png
22,1359,1359.mint.com.png
7,136,136.amazonaws.com.png
7,1360,1360.sitepoint.com.png
25,1361,1361.phonearena.com.png
16,1362,1362.nuvid.com.png
2,1364,1364.google.iq.png
21,1365,1365.thechive.com.png
36,1366,1366.redichat.com.png
3,1367,1367.ynet.co.il.png
1,1368,1368.lg.com.png
7,1369,1369.habrahabr.ru.png
8,137,137.slideshare.net.png
40,1370,1370.pantip.com.png
7,1372,1372.ig.com.br.png
17,1373,1373.mediaplex.com.png
9,1374,1374.autoscout24.de.png
2,1375,1375.edmunds.com.png
0,1376,1376.kicker.de.png
2,138,138.blogspot.in.png
23,1380,1380.cafemom.com.png
16,1381,1381.yourdailydish.com.png
25,1382,1382.sprint.com.png
47,1383,1383.wargaming.net.png
15,1386,1386.efukt.com.png
21,1389,1389.ibnlive.com.png
16,1390,1390.piriform.com.png
28,1391,1391.w3.org.png
4,1392,1392.ubuntu.com.png
36,1393,1393.c67gamb.com.png
12,1394,1394.rei.com.png
2,1395,1395.blackhatworld.com.png
33,1396,1396.gumtree.co.za.png
1,1398,1398.in.com.png
23,14,14.linkedin.com.png
2,140,140.google.com.pk.png
21,1400,1400.1and1.com.png
3,1401,1401.infobae.com.png
3,1402,1402.dmv.org.png
6,1403,1403.criteo.com.png
40,1404,1404.khanacademy.org.png
25,1405,1405.all-free-download.com.png
8,1407,1407.nosub.tv.png
0,1408,1408.jet.com.png
30,141,141.twitch.tv.png
40,1410,1410.adultfriendfinder.com.png
40,1413,1413.flightradar24.com.png
3,1415,1415.bab.la.png
2,1416,1416.blogspot.tw.png
36,1418,1418.vulkan.site.png
36,142,142.whatsapp.com.png
23,1421,1421.economist.com.png
14,1422,1422.mtv.com.png
40,1423,1423.itau.com.br.png
3,1425,1425.upworthy.com.png
40,1426,1426.zougla.gr.png
7,1427,1427.wmaraci.com.png
0,1428,1428.justporno.tv.png
3,1429,1429.gamewith.jp.png
7,143,143.bankofamerica.com.png
3,1432,1432.video-one.com.png
14,1433,1433.dpreview.com.png
7,1434,1434.shahrekhabar.com.png
21,1435,1435.berkeley.edu.png
36,1437,1437.32d1d3b9c.se.png
22,1439,1439.spankbang.com.png
7,144,144.yelp.com.png
16,1440,1440.yahoo-mbga.jp.png
12,1442,1442.virginmedia.com.png
30,1443,1443.purdue.edu.png
25,1444,1444.namu.wiki.png
22,1446,1446.draftkings.com.png
3,1447,1447.thenextweb.com.png
29,1449,1449.worldstarhiphop.com.png
30,1451,1451.nbc.com.png
47,1453,1453.dostor.org.png
12,1454,1454.postbank.de.png
12,1456,1456.searchengineland.com.png
29,1458,1458.olx.ro.png
16,1459,1459.filmibeat.com.png
29,146,146.theguardian.com.png
29,1460,1460.beytoote.com.png
40,147,147.flickr.com.png
3,148,148.aol.com.png
3,15,15.yahoo.co.jp.png
0,150,150.stackexchange.com.png
9,152,152.cnet.com.png
36,153,153.indeed.com.png
40,155,155.weather.com.png
12,157,157.amazon.it.png
0,158,158.reimageplus.com.png
29,159,159.quora.com.png
36,16,16.weibo.com.png
30,160,160.redtube.com.png
2,161,161.google.nl.png
12,162,162.soundcloud.com.png
4,163,163.cntv.cn.png
27,165,165.forbes.com.png
36,167,167.loading-delivery2.com.png
4,17,17.ebay.com.png
2,170,170.google.co.za.png
3,171,171.target.com.png
2,172,172.google.co.ve.png
0,173,173.wellsfargo.com.png
14,174,174.youporn.com.png
22,175,175.adf.ly.png
12,176,176.vice.com.png
21,177,177.zillow.com.png
2,178,178.google.gr.png
48,179,179.leboncoin.fr.png
2,18,18.google.co.jp.png
2,180,180.kakaku.com.png
2,181,181.ikea.com.png
9,182,182.bestbuy.com.png
5,183,183.vimeo.com.png
3,186,186.godaddy.com.png
2,19,19.yandex.ru.png
6,190,190.about.com.png
25,191,191.allegro.pl.png
21,192,192.tripadvisor.com.png
3,193,193.livejournal.com.png
12,194,194.nih.gov.png
0,195,195.tubecup.com.png
18,196,196.adplxmd.com.png
0,197,197.foxnews.com.png
40,198,198.deviantart.com.png
46,199,199.doublepimp.com.png
24,2,2.facebook.com.png
31,20,20.bing.com.png
2,200,200.google.com.ua.png
40,201,201.files.wordpress.com.png
28,202,202.theladbible.com.png
4,203,203.washingtonpost.com.png
7,204,204.w3schools.com.png
40,205,205.wikihow.com.png
4,206,206.themeforest.net.png
47,207,207.feedly.com.png
29,208,208.wordpress.org.png
40,209,209.taboola.com.png
2,21,21.vk.com.png
0,210,210.9gag.com.png
4,211,211.office365.com.png
8,212,212.hclips.com.png
12,213,213.mozilla.org.png
36,216,216.google.cn.png
21,218,218.onet.pl.png
16,219,219.businessinsider.com.png
16,220,220.comcast.net.png
27,221,221.gfycat.com.png
2,222,222.google.com.co.png
28,224,224.softonic.com.png
6,226,226.americanexpress.com.png
16,227,227.amazon.es.png
40,228,228.nfl.com.png
40,229,229.mystart.com.png
3,23,23.instagram.com.png
40,230,230.wix.com.png
40,231,231.steamcommunity.com.png
25,232,232.archive.org.png
2,233,233.google.co.th.png
2,234,234.google.com.sg.png
29,235,235.usps.com.png
6,236,236.ups.com.png
36,237,237.secureserver.net.png
2,238,238.wikimedia.org.png
2,239,239.google.ro.png
2,24,24.google.de.png
0,240,240.force.com.png
0,241,241.homedepot.com.png
3,245,245.telegraph.co.uk.png
16,246,246.shutterstock.com.png
15,247,247.skype.com.png
29,248,248.ebay-kleinanzeigen.de.png
2,249,249.google.com.ng.png
27,25,25.t.co.png
12,250,250.weebly.com.png
0,251,251.popcash.net.png
2,252,252.google.com.ph.png
12,253,253.web.de.png
40,254,254.steampowered.com.png
21,255,255.addthis.com.png
2,256,256.google.se.png
36,259,259.github.io.png
3,26,26.msn.com.png
12,260,260.avg.com.png
29,261,261.ndtv.com.png
36,263,263.hdfcbank.com.png
16,27,27.amazon.co.jp.png
3,270,270.sourceforge.net.png
12,271,271.youm7.com.png
21,272,272.gmx.net.png
40,273,273.livejasmin.com.png
6,275,275.espncricinfo.com.png
3,276,276.answers.com.png
40,277,277.hp.com.png
36,278,278.speedtest.net.png
29,279,279.mercadolivre.com.br.png
29,280,280.mailchimp.com.png
0,282,282.groupon.com.png
2,283,283.google.at.png
39,284,284.webmd.com.png
16,285,285.xfinity.com.png
4,286,286.ebay.in.png
3,287,287.wordreference.com.png
8,288,288.uptodown.com.png
2,289,289.blogfa.com.png
2,29,29.google.co.uk.png
22,291,291.hootsuite.com.png
2,292,292.google.be.png
5,293,293.media.tumblr.com.png
22,294,294.usatoday.com.png
2,295,295.google.pt.png
36,296,296.stumbleupon.com.png
36,297,297.wp.pl.png
23,298,298.icicibank.com.png
21,299,299.goodreads.com.png
40,30,30.pinterest.com.png
3,300,300.capitalone.com.png
7,303,303.fedex.com.png
40,304,304.bet365.com.png
12,306,306.blog.jp.png
24,307,307.fbcdn.net.png
29,308,308.thesaurus.com.png
2,309,309.google.com.pe.png
16,31,31.ask.com.png
6,310,310.bloomberg.com.png
3,311,311.bild.de.png
40,313,313.pandora.com.png
12,315,315.mashable.com.png
16,318,318.amazon.ca.png
3,32,32.reddit.com.png
2,320,320.google.ae.png
47,322,322.putlocker.is.png
6,324,324.jabong.com.png
3,325,325.wsj.com.png
40,326,326.dell.com.png
6,327,327.spotify.com.png
29,329,329.ign.com.png
2,33,33.mail.ru.png
2,330,330.2ch.net.png
0,331,331.macys.com.png
12,334,334.gameforge.com.png
9,335,335.engadget.com.png
2,337,337.google.ch.png
9,338,338.att.com.png
21,339,339.badoo.com.png
40,34,34.wordpress.com.png
22,340,340.life.com.tw.png
3,341,341.samsung.com.png
16,342,342.accuweather.com.png
0,345,345.gsmarena.com.png
2,346,346.google.az.png
2,35,35.google.fr.png
36,354,354.mega.nz.png
6,355,355.abs-cbnnews.com.png
36,358,358.liveadexchanger.com.png
23,360,360.upornia.com.png
3,361,361.rediff.com.png
2,362,362.trello.com.png
21,363,363.zendesk.com.png
29,365,365.reference.com.png
12,366,366.mlb.com.png
2,367,367.google.cl.png
2,368,368.google.com.bd.png
2,369,369.google.cz.png
21,37,37.paypal.com.png
0,373,373.reuters.com.png
0,376,376.kohls.com.png
9,377,377.verizonwireless.com.png
40,378,378.kickstarter.com.png
44,379,379.shopclues.com.png
18,38,38.onclickads.net.png
4,380,380.ebay.it.png
36,381,381.mydomainadvisor.com.png
30,385,385.bleacherreport.com.png
41,386,386.eksisozluk.com.png
0,389,389.impress.co.jp.png
2,39,39.google.com.br.png
0,391,391.slickdeals.net.png
6,392,392.evernote.com.png
30,393,393.tube8.com.png
36,4,4.baidu.com.png
40,40,40.tumblr.com.png
40,400,400.infusionsoft.com.png
2,401,401.google.hu.png
6,402,402.ask.fm.png
6,403,403.newegg.com.png
40,405,405.ijreview.com.png
36,406,406.liveinternet.ru.png
21,408,408.likes.com.png
2,41,41.google.ru.png
3,410,410.thefreedictionary.com.png
36,411,411.youradexchange.com.png
40,412,412.pinimg.com.png
12,413,413.oracle.com.png
2,414,414.google.ie.png
2,416,416.google.co.il.png
6,418,418.4shared.com.png
2,42,42.apple.com.png
4,421,421.ebay.com.au.png
21,422,422.quikr.com.png
6,423,423.rt.com.png
0,425,425.repubblica.it.png
36,426,426.taleo.net.png
21,428,428.libero.it.png
16,43,43.aliexpress.com.png
36,430,430.51yes.com.png
0,431,431.onedio.com.png
45,432,432.slack.com.png
40,434,434.uploaded.net.png
18,435,435.list-manage.com.png
0,437,437.cbssports.com.png
22,438,438.meetup.com.png
3,440,440.livedoor.com.png
0,441,441.retailmenot.com.png
6,443,443.citi.com.png
40,444,444.goodgamestudios.com.png
46,446,446.hm.com.png
3,447,447.olx.in.png
23,448,448.exoclick.com.png
29,449,449.buzzfil.net.png
4,45,45.microsoft.com.png
40,451,451.kinogo.co.png
2,453,453.google.dz.png
6,455,455.neobux.com.png
3,457,457.elpais.com.png
7,458,458.teepr.com.png
18,459,459.savefrom.net.png
1,46,46.imgur.com.png
16,461,461.fiverr.com.png
40,464,464.disqus.com.png
6,465,465.theverge.com.png
2,466,466.google.fi.png
3,467,467.xe.com.png
7,468,468.xda-developers.com.png
1,469,469.battle.net.png
6,47,47.xvideos.com.png
6,471,471.lowes.com.png
21,472,472.allrecipes.com.png
7,473,473.surveymonkey.com.png
6,475,475.souq.com.png
16,476,476.mobile.de.png
0,477,477.asos.com.png
6,478,478.nordstrom.com.png
2,48,48.google.it.png
3,480,480.nyaa.se.png
16,481,481.naukri.com.png
29,482,482.intuit.com.png
6,484,484.time.com.png
6,485,485.4dsply.com.png
4,488,488.independent.co.uk.png
0,489,489.nbcnews.com.png
22,49,49.imdb.com.png
36,490,490.streamcloud.eu.png
12,491,491.medium.com.png
4,492,492.techcrunch.com.png
12,493,493.lenovo.com.png
3,494,494.chip.de.png
3,496,496.zippyshare.com.png
21,497,497.expedia.com.png
3,498,498.java.com.png
3,5,5.yahoo.com.png
2,50,50.google.es.png
43,502,502.gmarket.co.kr.png
0,503,503.corriere.it.png
21,504,504.subscene.com.png
2,505,505.webssearches.com.png
28,506,506.wunderground.com.png
40,507,507.hotels.com.png
30,508,508.playstation.com.png
12,509,509.glassdoor.com.png
40,51,51.netflix.com.png
22,510,510.ancestry.com.png
0,511,511.irctc.co.in.png
2,512,512.ilividnewtab.com.png
25,513,513.eyny.com.png
29,514,514.gamefaqs.com.png
21,515,515.sabq.org.png
2,516,516.google.sk.png
3,517,517.myway.com.png
30,520,520.albawabhnews.com.png
4,522,522.blackboard.com.png
22,524,524.airbnb.com.png
3,525,525.youtube-mp3.org.png
7,527,527.mercadolibre.com.ar.png
20,528,528.azlyrics.com.png
2,529,529.google.com.vn.png
16,53,53.amazon.de.png
14,531,531.justdial.com.png
7,535,535.kijiji.ca.png
40,538,538.instructables.com.png
2,54,54.fc2.com.png
29,540,540.mercadolibre.com.ve.png
0,541,541.6pm.com.png
28,542,542.costco.com.png
2,543,543.bestadbid.com.png
3,544,544.timeanddate.com.png
12,545,545.realtor.com.png
8,546,546.people.com.png
40,547,547.shopify.com.png
40,548,548.issuu.com.png
40,551,551.kayak.com.png
36,552,552.jimdo.com.png
3,554,554.subito.it.png
27,555,555.kooora.com.png
3,556,556.npr.org.png
36,557,557.box.com.png
4,558,558.codecanyon.net.png
42,559,559.beeg.com.png
3,56,56.alibaba.com.png
0,562,562.discovercard.com.png
2,563,563.blogspot.jp.png
8,564,564.rottentomatoes.com.png
3,565,565.siteadvisor.com.png
12,566,566.haber7.com.png
29,567,567.verizon.com.png
3,568,568.elmundo.es.png
22,569,569.vcommission.com.png
21,57,57.go.com.png
23,574,574.microsoftstore.com.png
36,576,576.thepiratebay.la.png
36,579,579.all2lnk.com.png
2,58,58.stackoverflow.com.png
35,582,582.okcupid.com.png
0,583,583.bhaskar.com.png
0,584,584.gazeta.pl.png
2,585,585.google.no.png
7,586,586.instructure.com.png
40,589,589.sh.st.png
21,59,59.ok.ru.png
2,591,591.google.dk.png
40,592,592.nba.com.png
4,594,594.ebay.fr.png
3,596,596.focus.de.png
14,599,599.overstock.com.png
29,6,6.amazon.com.png
2,60,60.google.com.mx.png
36,600,600.squarespace.com.png
37,602,602.wetransfer.com.png
40,603,603.zulily.com.png
25,604,604.urbandictionary.com.png
15,606,606.gearbest.com.png
9,607,607.wired.com.png
9,608,608.moneycontrol.com.png
16,609,609.fidelity.com.png
2,61,61.google.ca.png
3,611,611.latimes.com.png
2,612,612.google.com.my.png
28,614,614.freepik.com.png
18,615,615.rdsa2012.com.png
2,616,616.drudgereport.com.png
18,617,617.duckduckgo.com.png
6,618,618.livescore.com.png
8,62,62.amazon.in.png
12,620,620.eonline.com.png
3,621,621.change.org.png
16,622,622.agoda.com.png
36,623,623.yandex.com.tr.png
6,625,625.asana.com.png
21,627,627.r10.net.png
0,628,628.cookpad.com.png
0,629,629.yodobashi.com.png
2,63,63.google.com.hk.png
3,630,630.mixi.jp.png
3,631,631.woot.com.png
29,632,632.pof.com.png
0,634,634.sharepoint.com.png
29,635,635.php.net.png
3,636,636.wayfair.com.png
12,637,637.makemytrip.com.png
6,638,638.domaintools.com.png
21,639,639.trulia.com.png
16,64,64.amazon.co.uk.png
1,640,640.udemy.com.png
5,641,641.asus.com.png
21,643,643.statcounter.com.png
2,644,644.billdesk.com.png
21,645,645.hespress.com.png
12,646,646.foodnetwork.com.png
21,647,647.sears.com.png
40,648,648.aweber.com.png
21,649,649.ca.gov.png
3,65,65.tianya.cn.png
44,650,650.wow.com.png
5,651,651.pch.com.png
29,652,652.ensonhaber.com.png
40,653,653.constantcontact.com.png
36,654,654.topfansgames.com.png
40,655,655.researchgate.net.png
0,656,656.bomb01.com.png
2,657,657.blogspot.mx.png
3,658,658.musicboxnewtab.com.png
7,66,66.craigslist.org.png
6,660,660.interia.pl.png
2,662,662.superuser.com.png
36,663,663.yts.to.png
22,664,664.lefigaro.fr.png
16,668,668.eventbrite.com.png
21,670,670.staples.com.png
22,671,671.swagbucks.com.png
40,672,672.popsugar.com.png
0,674,674.cnbc.com.png
6,675,675.chron.com.png
40,676,676.twoo.com.png
0,677,677.pcmag.com.png
9,678,678.blog.me.png
1,68,68.pornhub.com.png
12,680,680.houzz.com.png
4,681,681.ero-video.net.png
29,683,683.abril.com.br.png
21,685,685.state.gov.png
30,689,689.youjizz.com.png
3,69,69.naver.com.png
4,690,690.upwork.com.png
21,692,692.bitly.com.png
2,693,693.wonderlandads.com.png
6,694,694.food.com.png
40,696,696.academia.edu.png
3,697,697.tinyurl.com.png
0,698,698.abcnews.go.com.png
2,7,7.wikipedia.org.png
2,701,701.hatenablog.com.png
36,702,702.megapopads.com.png
25,703,703.bhphotovideo.com.png
6,704,704.zoho.com.png
47,706,706.thewatchseries.to.png
22,71,71.diply.com.png
16,710,710.custhelp.com.png
21,711,711.cdiscount.com.png
30,712,712.bookmyshow.com.png
21,713,713.howtogeek.com.png
29,714,714.mercadolibre.com.mx.png
9,715,715.norton.com.png
8,716,716.appledaily.com.tw.png
36,717,717.momoshop.com.tw.png
36,718,718.biglobe.ne.jp.png
8,719,719.cbc.ca.png
2,72,72.google.com.tr.png
3,720,720.semrush.com.png
28,721,721.shareasale.com.png
30,723,723.tnaflix.com.png
3,725,725.sciencedirect.com.png
3,726,726.zappos.com.png
40,727,727.zara.com.png
7,731,731.patch.com.png
3,732,732.gismeteo.ru.png
0,734,734.littlethings.com.png
5,735,735.jcpenney.com.png
6,736,736.coursera.org.png
40,74,74.flipkart.com.png
40,740,740.byinmind.com.png
40,741,741.histats.com.png
0,742,742.babycenter.com.png
3,743,743.nypost.com.png
4,744,744.faithtap.com.png
40,746,746.wp.com.png
7,747,747.wikiwiki.jp.png
28,75,75.espn.go.com.png
16,750,750.rightmove.co.uk.png
40,752,752.gemius.pl.png
0,753,753.aa.com.png
0,755,755.clixsense.com.png
29,756,756.olx.ua.png
2,757,757.backpage.com.png
0,758,758.auction.co.kr.png
5,761,761.xbox.com.png
21,762,762.commentcamarche.net.png
30,763,763.windows.com.png
3,766,766.messenger.com.png
40,768,768.bodybuilding.com.png
0,769,769.marketwatch.com.png
8,77,77.nicovideo.jp.png
16,774,774.usaa.com.png
0,777,777.investing.com.png
28,778,778.sbnation.com.png
12,78,78.outbrain.com.png
43,781,781.jumia.com.ng.png
0,782,782.mayoclinic.org.png
25,784,784.rapidgator.net.png
2,786,786.delta-homes.com.png
40,788,788.e-hentai.org.png
49,789,789.mit.edu.png
2,79,79.google.co.id.png
28,790,790.dropbooks.tv.png
22,791,791.ibm.com.png
3,792,792.europa.eu.png
3,793,793.reverso.net.png
36,794,794.zeroredirect1.com.png
21,795,795.gamespot.com.png
30,796,796.leagueoflegends.com.png
28,797,797.ticketmaster.com.png
2,798,798.wiktionary.org.png
6,80,80.cnn.com.png
3,801,801.himado.in.png
40,802,802.nhl.com.png
2,804,804.vk.me.png
2,806,806.google.co.nz.png
30,807,807.myfitnesspal.com.png
6,809,809.liveleak.com.png
2,81,81.dropbox.com.png
47,810,810.gutefrage.net.png
21,811,811.milanuncios.com.png
8,812,812.altervista.org.png
39,814,814.atlassian.net.png
0,815,815.www.gov.uk.png
0,817,817.sozcu.com.tr.png
22,820,820.cbs.com.png
3,821,821.olx.com.br.png
21,823,823.adp.com.png
9,824,824.theatlantic.com.png
5,825,825.giphy.com.png
36,826,826.cityadspix.com.png
36,827,827.junbi-tracker.com.png
40,828,828.delta.com.png
2,829,829.mystartsearch.com.png
0,830,830.informer.com.png
22,832,832.androidcentral.com.png
32,833,833.webex.com.png
15,834,834.cam4.com.png
3,836,836.ted.com.png
5,837,837.anitube.se.png
2,838,838.google.bg.png
28,839,839.thesportbible.com.png
2,84,84.google.co.kr.png
30,840,840.drtuber.com.png
0,841,841.cracked.com.png
0,842,842.investopedia.com.png
3,843,843.drom.ru.png
30,844,844.usbank.com.png
18,845,845.t-mobile.com.png
40,846,846.hubspot.com.png
40,847,847.stamplive.com.png
36,848,848.gyazo.com.png
15,849,849.agar.io.png
44,85,85.github.com.png
40,851,851.united.com.png
3,855,855.ehow.com.png
36,856,856.pureadexchange.com.png
28,857,857.iflscience.com.png
21,861,861.4chan.org.png
38,862,862.disq.us.png
22,863,863.cisco.com.png
3,864,864.atwiki.jp.png
6,865,865.uniqlo.com.png
0,867,867.filehippo.com.png
6,869,869.novinky.cz.png
4,87,87.ebay.de.png
12,870,870.getpocket.com.png
36,871,871.feclik.com.png
40,872,872.gazzetta.it.png
30,873,873.dreamstime.com.png
0,874,874.sfgate.com.png
0,875,875.thekitchn.com.png
36,876,876.blogspot.com.tr.png
16,877,877.priceline.com.png
6,878,878.quizlet.com.png
40,880,880.nbcsports.com.png
4,881,881.wav.tv.png
19,882,882.trklnks.com.png
36,883,883.rev2pub.com.png
22,885,885.leadzupc.com.png
22,886,886.digitaltrends.com.png
28,887,887.indianexpress.com.png
30,889,889.123rf.com.png
2,890,890.tomshardware.com.png
21,891,891.android.com.png
10,892,892.friv.com.png
23,893,893.mackeeper.com.png
3,894,894.india.com.png
40,895,895.intel.com.png
0,897,897.prpops.com.png
8,898,898.gamepedia.com.png
6,899,899.ruten.com.tw.png
12,9,9.twitter.com.png
2,90,90.google.pl.png
12,900,900.tutorialspoint.com.png
21,901,901.qvc.com.png
40,902,902.deezer.com.png
21,903,903.bluehost.com.png
5,904,904.allocine.fr.png
1,907,907.seasonvar.ru.png
2,91,91.google.com.au.png
40,910,910.deviantart.net.png
3,912,912.ew.com.png
2,913,913.google.by.png
6,914,914.ebates.com.png
12,915,915.roblox.com.png
21,917,917.genius.com.png
36,92,92.tradeadexchange.com.png
0,920,920.audible.com.png
2,923,923.google.rs.png
3,924,924.news.com.au.png
0,925,925.welt.de.png
2,926,926.google.lk.png
21,927,927.4pda.ru.png
0,928,928.banggood.com.png
2,930,930.dafont.com.png
4,931,931.ebay.ca.png
1,932,932.mapquest.com.png
3,933,933.tagged.com.png
30,934,934.nasa.gov.png
22,936,936.sex.com.png
5,938,938.digg.com.png
4,94,94.popads.net.png
36,941,941.ampclicks.com.png
6,942,942.as.com.png
32,943,943.prezi.com.png
30,945,945.usmagazine.com.png
21,947,947.ccm.net.png
21,949,949.monster.com.png
4,95,95.ebay.co.uk.png
2,950,950.lapatilla.com.png
36,951,951.carview.co.jp.png
30,953,953.ultimate-guitar.com.png
3,954,954.wiley.com.png
7,956,956.mysmartprice.com.png
16,957,957.thedailybeast.com.png
26,958,958.coupons.com.png
6,962,962.rarbg.to.png
49,964,964.toysrus.com.png
2,965,965.whitepages.com.png
36,966,966.id.net.png
12,967,967.sky.com.png
16,968,968.yaplakal.com.png
0,969,969.immobilienscout24.de.png
3,97,97.dailymotion.com.png
21,970,970.yellowpages.com.png
40,974,974.istockphoto.com.png
12,975,975.pagesjaunes.fr.png
12,977,977.ea.com.png
0,979,979.entrepreneur.com.png
36,98,98.adnetworkperformance.com.png
0,980,980.walgreens.com.png
2,981,981.google.com.kw.png
2,982,982.google.hr.png
40,983,983.nairaland.com.png
36,984,984.basecamp.com.png
27,985,985.fandango.com.png
30,989,989.elfagr.org.png
40,99,99.adobe.com.png
16,990,990.fanpage.gr.png
21,991,991.marriott.com.png
21,992,992.otto.de.png
0,993,993.tesco.com.png
6,995,995.bt.com.png
6,996,996.weather.gov.png
22,999,999.vine.co.png
