9,1,1.google.com.png
9,10,10.google.co.in.png
9,100,100.googleadservices.com.png
17,1000,1000.masrawy.com.png
9,1001,1001.xing.com.png
12,1002,1002.thisav.com.png
8,1003,1003.vente-privee.com.png
11,1004,1004.forever21.com.png
8,1005,1005.hilton.com.png
9,1006,1006.blogspot.ru.png
11,1008,1008.hdfilmifullizle.com.tr.png
8,1009,1009.mediaset.it.png
17,1010,1010.fitbit.com.png
17,1011,1011.biobiochile.cl.png
9,1013,1013.blogspot.de.png
9,1016,1016.istartsurf.com.png
9,102,102.directrev.com.png
0,1021,1021.shareba.com.png
11,1022,1022.sfr.fr.png
16,1023,1023.netshoes.com.br.png
1,1024,1024.prntscr.com.png
1,1026,1026.sephora.com.png
16,1027,1027.hdzog.com.png
16,1029,1029.vi-view.com.png
9,103,103.nytimes.com.png
6,1030,1030.harvard.edu.png
1,1032,1032.idealo.de.png
1,1034,1034.ad4game.com.png
11,1035,1035.trafficmonsoon.com.png
8,1036,1036.stanford.edu.png
17,1039,1039.livestrong.com.png
11,104,104.wikia.com.png
8,1040,1040.premierleague.com.png
1,1041,1041.bedbathandbeyond.com.png
9,1045,1045.torcache.net.png
2,1046,1046.indiamart.com.png
8,1047,1047.mbc.net.png
1,1049,1049.usnews.com.png
9,1051,1051.thepiratebay.gd.png
8,1052,1052.myfreecams.com.png
11,1054,1054.noaa.gov.png
0,1055,1055.clickadu.com.png
0,1057,1057.inquirer.net.png
3,1059,1059.ebay.es.png
8,1060,1060.scoop.it.png
1,1061,1061.merriam-webster.com.png
17,1062,1062.breitbart.com.png
11,1063,1063.auto.ru.png
9,1066,1066.16lao.com.png
17,1067,1067.lanacion.com.ar.png
16,1068,1068.alwafd.org.png
12,1069,1069.uber.com.png
13,1071,1071.biblegateway.com.png
9,1072,1072.hardsextube.com.png
1,1074,1074.askubuntu.com.png
9,1075,1075.globososo.com.png
9,1076,1076.cloudsrvtrk.com.png
1,1077,1077.olx.co.id.png
11,1079,1079.tripadvisor.co.uk.png
9,1080,1080.mpnrs.com.png
1,1081,1081.macrumors.com.png
9,1082,1082.blogspot.ca.png
8,1083,1083.movie4k.to.png
11,1085,1085.bahn.de.png
17,1086,1086.lightinthebox.com.png
8,1088,1088.xl415.com.png
0,109,109.booking.com.png
11,1090,1090.heise.de.png
9,1091,1091.blogspot.my.png
17,1094,1094.skysports.com.png
9,1095,1095.2mdn.info.png
18,1096,1096.gumtree.com.au.png
3,1097,1097.bitbucket.org.png
0,1098,1098.mgid.com.png
8,1099,1099.ecollege.com.png
8,110,110.bbc.com.png
9,1100,1100.connect814.com.png
11,1101,1101.jw.org.png
11,1102,1102.indiegogo.com.png
8,1104,1104.shutterfly.com.png
13,1107,1107.drugs.com.png
11,1109,1109.ixxx.com.png
1,1114,1114.syosetu.com.png
0,1115,1115.pcworld.com.png
17,1116,1116.legacy.com.png
11,1117,1117.ryanair.com.png
1,112,112.dailymail.co.uk.png
1,1120,1120.dict.cc.png
13,1121,1121.typepad.com.png
16,1123,1123.chefkoch.de.png
13,1125,1125.gofundme.com.png
0,1126,1126.reimagenetwork.com.png
9,1127,1127.uptobox.com.png
1,1128,1128.apache.org.png
1,113,113.indiatimes.com.png
0,1130,1130.complex.com.png
9,1131,1131.kissanime.com.png
17,1133,1133.popupads.ir.png
9,1135,1135.google.com.ec.png
1,1138,1138.smh.com.au.png
0,1139,1139.moz.com.png
9,1140,1140.salon.com.png
16,1141,1141.1337x.to.png
1,1142,1142.aftonbladet.se.png
6,1143,1143.mangafox.me.png
1,1144,1144.iherb.com.png
2,1149,1149.nationalgeographic.com.png
9,115,115.dmm.co.jp.png
0,1150,1150.hubpages.com.png
1,1151,1151.rollingstone.com.png
0,1152,1152.irs.gov.png
9,1153,1153.videomega.tv.png
13,1154,1154.mail.com.png
1,1155,1155.codeproject.com.png
9,1156,1156.google.kz.png
8,1157,1157.motherless.com.png
3,1158,1158.doodle.com.png
1,1159,1159.theblaze.com.png
11,116,116.chase.com.png
1,1160,1160.foursquare.com.png
1,1161,1161.ukr.net.png
16,1162,1162.xtube.com.png
0,1163,1163.today.com.png
0,1165,1165.freegameszonetab.com.png
16,1167,1167.terra.com.br.png
9,1169,1169.go2cloud.org.png
13,1170,1170.imagebam.com.png
2,1171,1171.qz.com.png
9,1173,1173.serverfault.com.png
0,1174,1174.pnc.com.png
0,1176,1176.sabah.com.tr.png
16,1177,1177.boredpanda.com.png
13,1178,1178.refinery29.com.png
13,1179,1179.springer.com.png
8,118,118.xnxx.com.png
11,1180,1180.sammydress.com.png
13,1182,1182.buzzlie.com.png
1,1183,1183.smartshopping.com.png
1,1184,1184.prothom-alo.com.png
13,1185,1185.tvguide.com.png
8,1186,1186.couchtuner.la.png
0,1187,1187.makeuseof.com.png
13,1188,1188.dailykos.com.png
11,1189,1189.si.com.png
9,119,119.google.com.sa.png
0,1190,1190.haraj.com.sa.png
9,1191,1191.postimg.org.png
11,1192,1192.arstechnica.com.png
8,1193,1193.pbs.org.png
0,1194,1194.fortune.com.png
17,1195,1195.pole-emploi.fr.png
4,1199,1199.websta.me.png
1,12,12.live.com.png
0,120,120.buzzfeed.com.png
8,1200,1200.clicksvenue.com.png
9,1201,1201.google.com.do.png
6,1203,1203.cbslocal.com.png
11,1205,1205.lego.com.png
0,1208,1208.po.st.png
1,1209,1209.gumtree.com.png
9,121,121.google.com.eg.png
8,1210,1210.lynda.com.png
0,1211,1211.firstpost.com.png
16,1213,1213.y8.com.png
8,1214,1214.politico.com.png
11,1215,1215.mcafee.com.png
8,1217,1217.ft.com.png
0,1218,1218.polyvore.com.png
13,122,122.huffingtonpost.com.png
11,1220,1220.abc.go.com.png
1,1221,1221.garanti.com.tr.png
1,1223,1223.oneindia.com.png
0,1224,1224.samsclub.com.png
3,1227,1227.turbobit.net.png
8,1228,1228.credit-agricole.fr.png
17,1229,1229.ascii.jp.png
13,1231,1231.zedo.com.png
13,1232,1232.haberler.com.png
0,1234,1234.abc.net.au.png
3,1236,1236.list-manage1.com.png
11,1239,1239.voyeurhit.com.png
9,124,124.google.com.tw.png
0,1240,1240.creditkarma.com.png
9,1243,1243.adslgate.com.png
8,1244,1244.wattpad.com.png
8,1245,1245.lloydsbank.co.uk.png
9,1247,1247.srv2trking.com.png
3,125,125.terraclicks.com.png
9,1251,1251.oursurfing.com.png
1,1252,1252.ozon.ru.png
1,1253,1253.garmin.com.png
11,1254,1254.6park.com.png
9,1255,1255.lacaixa.es.png
12,1257,1257.alarabiya.net.png
9,1259,1259.b2datings.com.png
8,1260,1260.gorillavid.in.png
8,1261,1261.jeuxvideo.com.png
11,1262,1262.sulekha.com.png
11,1263,1263.tunein.com.png
1,1265,1265.nowvideo.sx.png
0,1266,1266.dlsite.com.png
8,1268,1268.canva.com.png
17,127,127.snapdeal.com.png
1,1270,1270.bs.to.png
13,1271,1271.tickld.com.png
13,1272,1272.tutsplus.com.png
13,1274,1274.td.com.png
0,1275,1275.kinox.to.png
0,1277,1277.todayhumor.co.kr.png
0,1279,1279.discover.com.png
8,1281,1281.cambridge.org.png
1,1282,1282.o2.pl.png
1,1284,1284.express.pk.png
8,1285,1285.duolingo.com.png
0,1286,1286.slimspots.com.png
17,1288,1288.autotrader.com.png
1,1289,1289.gamestop.com.png
3,129,129.office.com.png
9,1290,1290.adsrvmedia.net.png
0,1292,1292.line.me.png
11,1293,1293.zergnet.com.png
1,1294,1294.express.co.uk.png
13,1295,1295.crunchyroll.com.png
2,1299,1299.ashleyrnadison.com.png
9,130,130.google.com.ar.png
11,1300,1300.leo.org.png
8,1301,1301.getbootstrap.com.png
6,1302,1302.inc.com.png
0,1303,1303.depositphotos.com.png
19,1304,1304.eztv.ag.png
9,1306,1306.telegram.org.png
0,1307,1307.americanas.com.br.png
0,1308,1308.pikabu.ru.png
9,1309,1309.gamersky.com.png
11,131,131.microsoftonline.com.png
8,1310,1310.linternaute.com.png
11,1311,1311.fool.com.png
1,1314,1314.virgilio.it.png
11,1316,1316.super.cz.png
1,1317,1317.linkwithin.com.png
8,1318,1318.iconosquare.com.png
8,1319,1319.nextdoor.com.png
0,132,132.walmart.com.png
8,1320,1320.megafilmeshd.net.png
8,1321,1321.psu.edu.png
9,1322,1322.google.lt.png
17,1323,1323.tattoodo.com.png
8,1325,1325.jobrapido.com.png
2,1326,1326.flirt4free.com.png
0,133,133.ameblo.jp.png
11,1330,1330.kbb.com.png
13,1331,1331.javedch.com.png
8,1332,1332.battlefield.com.png
2,1333,1333.abc.es.png
1,1335,1335.brainyquote.com.png
11,1337,1337.labanquepostale.fr.png
11,134,134.amazon.fr.png
11,1340,1340.picofile.com.png
16,1341,1341.evite.com.png
8,1342,1342.reallifecam.com.png
8,1343,1343.tf1.fr.png
1,1344,1344.qualtrics.com.png
16,1346,1346.schwab.com.png
0,1347,1347.cricbuzz.com.png
17,1348,1348.hsbc.co.uk.png
1,135,135.daum.net.png
13,1355,1355.cleartrip.com.png
11,1356,1356.tripadvisor.in.png
3,1357,1357.uploadable.ch.png
1,1358,1358.cvs.com.png
16,1359,1359.mint.com.png
1,136,136.amazonaws.com.png
0,1360,1360.sitepoint.com.png
17,1361,1361.phonearena.com.png
0,1362,1362.nuvid.com.png
9,1364,1364.google.iq.png
11,1365,1365.thechive.com.png
9,1366,1366.redichat.com.png
1,1367,1367.ynet.co.il.png
11,1368,1368.lg.com.png
13,1369,1369.habrahabr.ru.png
17,137,137.slideshare.net.png
8,1370,1370.pantip.com.png
1,1372,1372.ig.com.br.png
8,1373,1373.mediaplex.com.png
6,1374,1374.autoscout24.de.png
9,1375,1375.edmunds.com.png
1,1376,1376.kicker.de.png
9,138,138.blogspot.in.png
8,1380,1380.cafemom.com.png
16,1381,1381.yourdailydish.com.png
0,1382,1382.sprint.com.png
8,1383,1383.wargaming.net.png
11,1386,1386.efukt.com.png
11,1389,1389.ibnlive.com.png
11,1390,1390.piriform.com.png
4,1391,1391.w3.org.png
16,1392,1392.ubuntu.com.png
9,1393,1393.c67gamb.com.png
6,1394,1394.rei.com.png
9,1395,1395.blackhatworld.com.png
18,1396,1396.gumtree.co.za.png
8,1398,1398.in.com.png
8,14,14.linkedin.com.png
9,140,140.google.com.pk.png
11,1400,1400.1and1.com.png
1,1401,1401.infobae.com.png
1,1402,1402.dmv.org.png
0,1403,1403.criteo.com.png
8,1404,1404.khanacademy.org.png
17,1405,1405.all-free-download.com.png
17,1407,1407.nosub.tv.png
0,1408,1408.jet.com.png
6,141,141.twitch.tv.png
8,1410,1410.adultfriendfinder.com.png
8,1413,1413.flightradar24.com.png
1,1415,1415.bab.la.png
9,1416,1416.blogspot.tw.png
9,1418,1418.vulkan.site.png
9,142,142.whatsapp.com.png
8,1421,1421.economist.com.png
8,1422,1422.mtv.com.png
8,1423,1423.itau.com.br.png
1,1425,1425.upworthy.com.png
8,1426,1426.zougla.gr.png
0,1427,1427.wmaraci.com.png
0,1428,1428.justporno.tv.png
1,1429,1429.gamewith.jp.png
13,143,143.bankofamerica.com.png
1,1432,1432.video-one.com.png
2,1433,1433.dpreview.com.png
1,1434,1434.shahrekhabar.com.png
11,1435,1435.berkeley.edu.png
9,1437,1437.32d1d3b9c.se.png
16,1439,1439.spankbang.com.png
13,144,144.yelp.com.png
0,1440,1440.yahoo-mbga.jp.png
11,1442,1442.virginmedia.com.png
2,1443,1443.purdue.edu.png
0,1444,1444.namu.wiki.png
16,1446,1446.draftkings.com.png
1,1447,1447.thenextweb.com.png
13,1449,1449.worldstarhiphop.com.png
2,1451,1451.nbc.com.png
8,1453,1453.dostor.org.png
8,1454,1454.postbank.de.png
8,1456,1456.searchengineland.com.png
13,1458,1458.olx.ro.png
0,1459,1459.filmibeat.com.png
16,146,146.theguardian.com.png
13,1460,1460.beytoote.com.png
0,1461,1461.pixabay.com.png
13,1462,1462.traidnt.net.png
11,1463,1463.nouvelobs.com.png
17,1465,1465.sopitas.com.png
1,1466,1466.hollywoodreporter.com.png
9,1467,1467.seekingalpha.com.png
9,1468,1468.connect5364.com.png
8,147,147.flickr.com.png
8,1471,1471.televisionfanatic.com.png
1,1472,1472.howstuffworks.com.png
1,1473,1473.ilfattoquotidiano.it.png
1,1474,1474.newyorker.com.png
13,1475,1475.over-blog.com.png
9,1476,1476.popped.biz.png
8,1477,1477.williamhill.com.png
9,1478,1478.proxyindex.eu.png
1,148,148.aol.com.png
9,1480,1480.ampxchange.com.png
12,1481,1481.last.fm.png
8,1482,1482.orf.at.png
8,1483,1483.1und1.de.png
17,1484,1484.warriorforum.com.png
3,1487,1487.flashx.tv.png
0,1488,1488.dhl.com.png
7,1490,1490.bandcamp.com.png
11,1491,1491.alohatube.com.png
1,1494,1494.orbitz.com.png
8,1496,1496.humblebundle.com.png
9,1498,1498.tomsguide.com.png
13,1499,1499.hamariweb.com.png
1,15,15.yahoo.co.jp.png
0,150,150.stackexchange.com.png
1,1501,1501.nudevista.com.png
11,1502,1502.mangahere.co.png
9,1503,1503.realestate.com.au.png
8,1504,1504.directv.com.png
1,1506,1506.opensubtitles.org.png
13,1507,1507.dhl.de.png
16,1508,1508.nitroflare.com.png
9,1509,1509.yoursearch.me.png
0,1510,1510.chicagotribune.com.png
11,1513,1513.startimes.com.png
3,1514,1514.openload.co.png
9,1515,1515.google.si.png
13,1517,1517.vporn.com.png
11,1518,1518.500px.com.png
3,1519,1519.20minutes.fr.png
6,152,152.cnet.com.png
9,1520,1520.baiducdn.biz.png
16,1521,1521.cars.com.png
8,1522,1522.codepen.io.png
0,1523,1523.weheartit.com.png
1,1524,1524.metro.co.uk.png
13,1526,1526.airasia.com.png
9,1527,1527.kp.ru.png
8,1528,1528.mic.com.png
9,1529,1529.jsfiddle.net.png
9,153,153.indeed.com.png
16,1530,1530.spankwire.com.png
11,1532,1532.ilmeteo.it.png
11,1537,1537.disney.go.com.png
13,1539,1539.aljazeera.net.png
1,1540,1540.avito.ma.png
8,1541,1541.kizi.com.png
11,1542,1542.citibank.co.in.png
6,1543,1543.icims.com.png
1,1545,1545.azet.sk.png
8,1546,1546.planetromeo.com.png
11,1549,1549.jquery.com.png
8,155,155.weather.com.png
8,1550,1550.ravelry.com.png
2,1551,1551.cc.com.png
0,1552,1552.wetter.com.png
13,1553,1553.konga.com.png
1,1554,1554.cloudflare.com.png
1,1555,1555.capitalone360.com.png
11,1556,1556.nature.com.png
0,1557,1557.t411.in.png
0,1558,1558.trend.az.png
1,1559,1559.smi2.ru.png
8,1560,1560.wwe.com.png
1,1563,1563.stubhub.com.png
11,1565,1565.zeit.de.png
11,1566,1566.disney.com.png
9,1568,1568.digitalocean.com.png
11,1569,1569.metacritic.com.png
11,157,157.amazon.it.png
6,1570,1570.kmart.com.png
6,1571,1571.ssisurveys.com.png
1,1572,1572.bankrate.com.png
4,1574,1574.rojadirecta.me.png
9,1575,1575.webmoney.ru.png
0,1576,1576.ad6media.fr.png
11,1577,1577.kongregate.com.png
9,1578,1578.indeed.co.uk.png
0,158,158.reimageplus.com.png
9,1581,1581.segundamano.mx.png
1,1582,1582.jcrew.com.png
8,1583,1583.babylon.com.png
17,1584,1584.ouedkniss.com.png
16,1585,1585.rappler.com.png
1,1587,1587.archiveofourown.org.png
2,1589,1589.perfectgirls.net.png
13,159,159.quora.com.png
16,1590,1590.dl-protect.com.png
8,1591,1591.commbank.com.au.png
3,1592,1592.themillionaireinpjs.com.png
14,1594,1594.revenuehits.com.png
1,1596,1596.barclaycardus.com.png
9,1597,1597.filmon-live.tv.png
2,1598,1598.greatergood.com.png
9,16,16.weibo.com.png
2,160,160.redtube.com.png
8,1600,1600.unity3d.com.png
11,1601,1601.wildberries.ru.png
11,1603,1603.lindaikejisblog.com.png
9,1606,1606.am15.net.png
3,1607,1607.arecio.work.png
8,1609,1609.samplicio.us.png
9,161,161.google.nl.png
0,1610,1610.ranker.com.png
0,1611,1611.hotukdeals.com.png
0,1612,1612.pogo.com.png
9,1613,1613.gstatic.com.png
2,1615,1615.correios.com.br.png
0,1617,1617.santander.co.uk.png
11,1619,1619.bloglovin.com.png
11,162,162.soundcloud.com.png
1,1620,1620.healthline.com.png
9,1621,1621.who.is.png
9,1622,1622.bizjournals.com.png
8,1623,1623.strava.com.png
8,1624,1624.careerbuilder.com.png
11,1625,1625.computerbild.de.png
0,1627,1627.priceminister.com.png
3,163,163.cntv.cn.png
6,1630,1630.myspace.com.png
9,1631,1631.google.com.gt.png
13,1632,1632.softpedia.com.png
11,1633,1633.emgn.com.png
16,1634,1634.wunderlist.com.png
17,1635,1635.miniclip.com.png
8,1636,1636.here.com.png
9,1637,1637.7769domain.com.png
1,1638,1638.nextmedia.com.png
2,1639,1639.metrolyrics.com.png
11,1640,1640.telekom.com.png
16,1641,1641.hulu.jp.png
8,1642,1642.internetdownloadmanager.com.png
0,1644,1644.zdnet.com.png
1,1645,1645.elance.com.png
1,1646,1646.profitboosterapp.com.png
1,1647,1647.chouftv.ma.png
8,1648,1648.submarino.com.br.png
4,165,165.forbes.com.png
8,1650,1650.gizmodo.jp.png
13,1651,1651.pastebin.com.png
0,1652,1652.fnac.com.png
0,1655,1655.partycity.com.png
11,1656,1656.popmyads.com.png
6,1657,1657.blocket.se.png
11,1659,1659.sportsdirect.com.png
11,1660,1660.cinemablend.com.png
1,1661,1661.craigslist.ca.png
8,1662,1662.skroutz.gr.png
1,1663,1663.yahoo.net.png
13,1664,1664.web.tv.png
8,1665,1665.pixlr.com.png
9,1667,1667.sou300.com.png
1,1668,1668.greatandhra.com.png
9,167,167.loading-delivery2.com.png
11,1670,1670.voyages-sncf.com.png
17,1674,1674.lockerdome.com.png
0,1675,1675.uproxx.com.png
8,1676,1676.hotstar.com.png
9,1677,1677.webcrawler.com.png
8,1678,1678.consumerreports.org.png
2,1679,1679.wowhead.com.png
11,1681,1681.rackspace.com.png
11,1682,1682.sunporno.com.png
8,1683,1683.editor.wix.com.png
1,1684,1684.cdc.gov.png
9,1685,1685.popitunder.com.png
8,1687,1687.reduxmediia.com.png
17,1689,1689.autotrader.co.uk.png
9,1693,1693.v9.com.png
6,1694,1694.sakshi.com.png
8,1696,1696.sierratradingpost.com.png
11,1697,1697.zazzle.com.png
3,17,17.ebay.com.png
9,170,170.google.co.za.png
0,1700,1700.teamviewer.com.png
9,1701,1701.pornmd.com.png
11,1703,1703.rotoworld.com.png
0,1704,1704.zimbio.com.png
17,1706,1706.hsn.com.png
13,1707,1707.dribbble.com.png
1,1708,1708.officedepot.com.png
8,1709,1709.ning.com.png
1,171,171.target.com.png
11,1713,1713.ihg.com.png
8,1714,1714.conduit.com.png
11,1715,1715.dx.com.png
17,1716,1716.wowkeren.com.png
0,1717,1717.blogsky.com.png
1,1718,1718.hamusoku.com.png
9,172,172.google.co.ve.png
2,1720,1720.zalando.de.png
11,1722,1722.wolframalpha.com.png
9,1723,1723.egrana.com.br.png
3,1724,1724.codecademy.com.png
9,1725,1725.medicinenet.com.png
9,1726,1726.reclameaqui.com.br.png
8,1727,1727.couchtuner.city.png
11,1729,1729.cosmopolitan.com.png
1,173,173.wellsfargo.com.png
9,1731,1731.indeed.co.in.png
1,1732,1732.earthlink.net.png
8,1733,1733.gotomeeting.com.png
13,1734,1734.city-data.com.png
13,1737,1737.ck101.com.png
16,1738,1738.grammarly.com.png
17,1739,1739.cheezburger.com.png
2,174,174.youporn.com.png
11,1740,1740.clickbank.com.png
9,1741,1741.keepvid.com.png
1,1743,1743.imagefap.com.png
9,1744,1744.google.lv.png
0,1746,1746.idealista.com.png
16,1747,1747.timewarnercable.com.png
17,1748,1748.elcomercio.pe.png
16,175,175.adf.ly.png
1,1750,1750.mileroticos.com.png
8,1751,1751.umich.edu.png
9,1753,1753.mr-johal.com.png
1,1755,1755.tinypic.com.png
0,1756,1756.togetter.com.png
8,1757,1757.nexusmods.com.png
1,1758,1758.hotpepper.jp.png
11,176,176.vice.com.png
11,1760,1760.instantcheckmate.com.png
11,1762,1762.cabelas.com.png
0,1763,1763.scoopwhoop.com.png
1,1764,1764.easyjet.com.png
13,1765,1765.nu.nl.png
17,1766,1766.theglobeandmail.com.png
4,1767,1767.rutube.ru.png
9,1768,1768.pearsoncmg.com.png
11,177,177.zillow.com.png
6,1770,1770.mysql.com.png
13,1772,1772.argaam.com.png
17,1773,1773.imgchili.net.png
9,1775,1775.kinja.com.png
1,1777,1777.yoox.com.png
16,1778,1778.picmonkey.com.png
0,1779,1779.slashdot.org.png
9,178,178.google.gr.png
8,1781,1781.gaana.com.png
0,1783,1783.msnbc.com.png
16,1784,1784.otomoto.pl.png
6,1789,1789.billboard.com.png
15,179,179.leboncoin.fr.png
3,1790,1790.nesaporn.com.png
1,1791,1791.bradesco.com.br.png
9,1792,1792.mainichi.jp.png
1,1794,1794.pcadvisor.co.uk.png
8,1796,1796.cornell.edu.png
9,1797,1797.payoneer.com.png
11,1798,1798.moviepilot.com.png
6,1799,1799.gamingwonderland.com.png
9,18,18.google.co.jp.png
9,180,180.kakaku.com.png
0,1801,1801.mydala.com.png
4,1802,1802.pcgamer.com.png
9,1803,1803.when.com.png
13,1804,1804.opentable.com.png
17,1806,1806.n-tv.de.png
1,1807,1807.getresponse.com.png
4,1809,1809.accountonline.com.png
9,181,181.ikea.com.png
1,1810,1810.variety.com.png
9,1812,1812.namecheap.com.png
0,1813,1813.emirates.com.png
11,1814,1814.urbanoutfitters.com.png
9,1815,1815.nesn.com.png
8,1817,1817.uludagsozluk.com.png
6,182,182.bestbuy.com.png
13,1821,1821.hindustantimes.com.png
17,1822,1822.streamin.to.png
17,1823,1823.bayt.com.png
0,1825,1825.sheknows.com.png
0,1826,1826.lifehack.org.png
0,1828,1828.20minutos.es.png
8,1829,1829.techtarget.com.png
12,183,183.vimeo.com.png
11,1834,1834.ahrefs.com.png
0,1837,1837.conservativetribune.com.png
12,1839,1839.llbean.com.png
0,1840,1840.xkcd.com.png
3,1841,1841.newsnow.co.uk.png
8,1842,1842.g2a.com.png
16,1843,1843.graphicriver.net.png
1,1844,1844.nymag.com.png
16,1847,1847.zopim.com.png
0,1849,1849.likemag.com.png
8,1853,1853.sonymobile.com.png
11,1854,1854.gilt.com.png
0,1855,1855.hibapress.com.png
11,1856,1856.edx.org.png
0,1859,1859.ibtimes.com.png
1,186,186.godaddy.com.png
8,1860,1860.oneplus.net.png
11,1861,1861.flashscore.com.png
9,1862,1862.realsimple.com.png
1,1863,1863.rozetka.com.ua.png
11,1864,1864.livingsocial.com.png
1,1866,1866.zwaar.net.png
11,1868,1868.dummies.com.png
11,1869,1869.lostfilm.tv.png
6,1870,1870.ny.gov.png
1,1871,1871.fatwallet.com.png
12,1873,1873.wish.com.png
1,1874,1874.r7.com.png
13,1875,1875.templatemonster.com.png
8,1876,1876.britishairways.com.png
16,1878,1878.dw.com.png
9,1879,1879.allabout.co.jp.png
11,1880,1880.vrbo.com.png
1,1884,1884.similarweb.com.png
6,1885,1885.torrenthound.com.png
8,1887,1887.ink361.com.png
8,1892,1892.angieslist.com.png
8,1893,1893.mheducation.com.png
11,1894,1894.adk2.com.png
19,1896,1896.n156adserv.com.png
1,1897,1897.medscape.com.png
9,19,19.yandex.ru.png
0,190,190.about.com.png
19,1901,1901.lonelyplanet.com.png
16,1902,1902.avira.com.png
1,1903,1903.columbia.edu.png
16,1904,1904.toastedballs.com.png
1,1905,1905.rutor.org.png
13,1906,1906.washington.edu.png
1,1907,1907.smallseotools.com.png
13,1908,1908.addtoany.com.png
1,1909,1909.desi-tashan.com.png
17,191,191.allegro.pl.png
0,1910,1910.craftsvilla.com.png
11,1911,1911.wittyfeed.com.png
6,1912,1912.iqoption.com.png
9,1913,1913.qatarairways.com.png
11,1915,1915.bustle.com.png
11,1916,1916.finn.no.png
13,1917,1917.userscloud.com.png
1,1919,1919.plurk.com.png
11,192,192.tripadvisor.com.png
5,1920,1920.ouo.io.png
0,1921,1921.lazada.com.ph.png
0,1922,1922.convert2mp3.net.png
13,1923,1923.rr.com.png
11,1925,1925.starwoodhotels.com.png
13,1927,1927.vg.no.png
8,1929,1929.webs.com.png
1,193,193.livejournal.com.png
1,1931,1931.eltiempo.com.png
8,1932,1932.flipboard.com.png
9,1934,1934.51sole.com.png
8,1937,1937.plugrush.com.png
8,1938,1938.lexpress.fr.png
16,1939,1939.vmware.com.png
6,194,194.nih.gov.png
9,1940,1940.crunchbase.com.png
11,1942,1942.johnlewis.com.png
16,1943,1943.spanishdict.com.png
1,1946,1946.esquire.com.png
0,1947,1947.lds.org.png
0,195,195.tubecup.com.png
17,1950,1950.marksandspencer.com.png
9,1951,1951.shaadi.com.png
8,1952,1952.autodesk.com.png
0,1954,1954.viralnova.com.png
1,1955,1955.shoutmeloud.com.png
7,1956,1956.wanyh.com.png
9,1957,1957.google.co.ma.png
0,1958,1958.segundamano.es.png
3,196,196.adplxmd.com.png
9,1960,1960.blogspot.kr.png
1,1961,1961.sape.ru.png
1,1964,1964.vanguardngr.com.png
1,1965,1965.etorrent.co.kr.png
9,1966,1966.regnok.com.png
9,1967,1967.epara.ru.png
11,1968,1968.mbank.pl.png
6,1969,1969.trafficfactory.biz.png
1,197,197.foxnews.com.png
11,1970,1970.tv.com.png
0,1972,1972.ucla.edu.png
1,1973,1973.cityheaven.net.png
16,1974,1974.toptenreviews.com.png
8,1976,1976.a10.com.png
8,198,198.deviantart.com.png
8,1980,1980.viadeo.com.png
13,1982,1982.ibtimes.co.in.png
11,1984,1984.epicurious.com.png
13,1985,1985.mercola.com.png
6,1988,1988.247sports.com.png
11,199,199.doublepimp.com.png
9,1990,1990.google.com.pr.png
11,1991,1991.lavanguardia.com.png
3,1995,1995.elmogaz.com.png
1,1996,1996.bbb.org.png
8,1997,1997.alexa.com.png
13,1998,1998.goibibo.com.png
19,2,2.facebook.com.png
7,20,20.bing.com.png
9,200,200.google.com.ua.png
11,2001,2001.utexas.edu.png
0,2002,2002.goodhousekeeping.com.png
9,2005,2005.bidtrk.com.png
0,2006,2006.freejobalert.com.png
0,2007,2007.ieee.org.png
8,201,201.files.wordpress.com.png
13,2010,2010.shine.com.png
11,2011,2011.ksl.com.png
9,2012,2012.pps.tv.png
1,2015,2015.made-in-china.com.png
0,2017,2017.aljaras.com.png
16,2018,2018.creativemarket.com.png
17,202,202.theladbible.com.png
12,2021,2021.privalia.com.png
1,2022,2022.arcot.com.png
1,2023,2023.techrepublic.com.png
17,2025,2025.jstor.org.png
16,2026,2026.itv.com.png
16,2027,2027.meteofrance.com.png
3,203,203.washingtonpost.com.png
9,2031,2031.aastocks.com.png
1,2032,2032.vanguard.com.png
0,2033,2033.myegy.to.png
17,2035,2035.wnd.com.png
9,2036,2036.manta.com.png
8,2037,2037.edmodo.com.png
13,2038,2038.moneysavingexpert.com.png
1,204,204.w3schools.com.png
17,2040,2040.tune.pk.png
1,2043,2043.health.com.png
1,2044,2044.truecaller.com.png
1,2045,2045.kaspersky.com.png
4,2046,2046.wikispaces.com.png
8,2047,2047.bc.vc.png
8,2049,2049.envato.com.png
8,205,205.wikihow.com.png
1,2050,2050.ozztube.com.png
8,2051,2051.homeaway.com.png
0,2052,2052.neogaf.com.png
1,2053,2053.musica.com.png
9,2056,2056.kijiji.it.png
0,2057,2057.ehowenespanol.com.png
0,2058,2058.elsevier.com.png
17,2059,2059.dealnews.com.png
16,206,206.themeforest.net.png
17,2060,2060.zerohedge.com.png
13,2063,2063.forocoches.com.png
8,2066,2066.csgolounge.com.png
0,2067,2067.journaldesfemmes.com.png
8,2068,2068.jobandtalent.com.png
11,207,207.feedly.com.png
11,2070,2070.tigerdirect.com.png
8,2074,2074.yourdictionary.com.png
2,2075,2075.uefa.com.png
10,2076,2076.ebocornac.com.png
11,2077,2077.chess.com.png
13,208,208.wordpress.org.png
6,2080,2080.redbox.com.png
3,2083,2083.ubuntuforums.org.png
3,2084,2084.buffer.com.png
9,2085,2085.alhea.com.png
8,2086,2086.filmon.com.png
9,2087,2087.imagetwist.com.png
11,2089,2089.monografias.com.png
8,209,209.taboola.com.png
0,2090,2090.fantasypros.com.png
0,2092,2092.smallpdf.com.png
11,2095,2095.perezhilton.com.png
11,2096,2096.dubizzle.com.png
6,2097,2097.vagalume.com.br.png
11,2098,2098.pepperfry.com.png
11,2099,2099.watchseries.li.png
9,21,21.vk.com.png
0,210,210.9gag.com.png
16,2100,2100.unilad.co.uk.png
13,2101,2101.givemesport.com.png
2,2104,2104.maybank2u.com.my.png
1,2105,2105.bhg.com.png
1,2107,2107.ycombinator.com.png
4,2108,2108.wikiwand.com.png
3,211,211.office365.com.png
9,2111,2111.acesse.com.png
16,2112,2112.ustream.tv.png
9,2113,2113.trovi.com.png
11,2114,2114.theweathernetwork.com.png
1,2117,2117.collegeboard.org.png
1,2118,2118.suntrust.com.png
17,2119,2119.dawanda.com.png
17,212,212.hclips.com.png
17,2120,2120.whois.com.png
17,2121,2121.diretta.it.png
8,2122,2122.logitech.com.png
13,2124,2124.dickssportinggoods.com.png
9,2125,2125.concursolutions.com.png
6,2127,2127.autoblog.com.png
0,2129,2129.researchnow.com.png
11,213,213.mozilla.org.png
1,2130,2130.hellogiggles.com.png
0,2131,2131.say-move.org.png
2,2132,2132.cowboom.com.png
8,2133,2133.periscope.tv.png
11,2134,2134.python.org.png
1,2135,2135.elegantthemes.com.png
9,2137,2137.yandex.com.png
4,2139,2139.intl-alliance.com.png
8,2142,2142.wisc.edu.png
11,2143,2143.examiner.com.png
8,2144,2144.huawei.com.png
1,2146,2146.psychologytoday.com.png
8,2147,2147.op.gg.png
11,2148,2148.asda.com.png
9,2149,2149.epochtimes.com.png
6,2150,2150.eluniversal.com.mx.png
8,2153,2153.larousse.fr.png
6,2155,2155.hollywoodlife.com.png
0,2156,2156.inmotionhosting.com.png
3,2158,2158.pubted.com.png
17,2159,2159.8tracks.com.png
9,216,216.google.cn.png
6,2160,2160.ralphlauren.com.png
17,2163,2163.online-convert.com.png
11,2164,2164.popmaster.ir.png
13,2165,2165.tdbank.com.png
1,2168,2168.snopes.com.png
1,2169,2169.olx.ph.png
9,2172,2172.href.li.png
1,2174,2174.caranddriver.com.png
6,2175,2175.pelis24.com.png
9,2176,2176.showroomprive.com.png
0,2177,2177.eltiempo.es.png
9,2178,2178.google.jo.png
11,218,218.onet.pl.png
16,2180,2180.hugedomains.com.png
8,2181,2181.adam4adam.com.png
1,2182,2182.walmart.com.br.png
1,2186,2186.att.net.png
3,2187,2187.blkget8.com.png
12,2188,2188.worldoftanks.ru.png
13,219,219.businessinsider.com.png
9,2190,2190.heureka.cz.png
11,2192,2192.rtve.es.png
0,2193,2193.caf.fr.png
11,2195,2195.tripadvisor.it.png
11,2196,2196.cheatsheet.com.png
13,2197,2197.hgtv.com.png
1,2198,2198.fakt.pl.png
8,2199,2199.magicbricks.com.png
16,220,220.comcast.net.png
16,2200,2200.protothema.gr.png
3,2202,2202.thestreet.com.png
9,2203,2203.google.com.bo.png
9,2204,2204.redbubble.com.png
1,2207,2207.gamme.com.tw.png
0,2208,2208.one.com.png
1,2209,2209.chinatimes.com.png
4,221,221.gfycat.com.png
1,2210,2210.teacherspayteachers.com.png
0,2212,2212.hotwire.com.png
13,2213,2213.gtmetrix.com.png
1,2215,2215.daikynguyenvn.com.png
0,2217,2217.elle.com.png
11,2218,2218.fotolia.com.png
1,2219,2219.vodafone.in.png
9,222,222.google.com.co.png
9,2220,2220.0aac4e6a54c170b0.se.png
0,2221,2221.rae.es.png
11,2222,2222.www.nhs.uk.png
11,2223,2223.thevideo.me.png
11,2224,2224.proboards.com.png
1,2227,2227.hongkiat.com.png
13,2230,2230.androidauthority.com.png
17,2231,2231.debate.com.mx.png
13,2233,2233.msdn.com.png
13,2235,2235.hammihan.com.png
8,2237,2237.screencast.com.png
14,2238,2238.polygon.com.png
13,2239,2239.bgr.com.png
17,224,224.softonic.com.png
0,2240,2240.eroprofile.com.png
8,2241,2241.gidonline.club.png
0,2242,2242.apartmenttherapy.com.png
9,2245,2245.go2000.com.png
16,2246,2246.grantland.com.png
3,2249,2249.forexfactory.com.png
16,2250,2250.travelocity.com.png
8,2253,2253.starsports.com.png
1,2254,2254.lastampa.it.png
8,2255,2255.flaticon.com.png
17,2256,2256.zoopla.co.uk.png
8,2257,2257.irpopup.ir.png
8,2258,2258.trafficserving.com.png
0,2259,2259.fatakat.com.png
0,226,226.americanexpress.com.png
17,2260,2260.dealmoon.com.png
11,2261,2261.stern.de.png
11,2262,2262.signupgenius.com.png
9,2263,2263.solarmovie.is.png
1,2266,2266.vanityfair.com.png
11,2267,2267.ulta.com.png
18,2268,2268.gumtree.pl.png
0,2269,2269.skyscrapercity.com.png
11,227,227.amazon.es.png
1,2270,2270.laredoute.fr.png
16,2271,2271.tukif.com.png
8,2272,2272.illinois.edu.png
8,2273,2273.bet365.es.png
0,2275,2275.serviporno.com.png
8,2277,2277.ap.org.png
8,2278,2278.sap.com.png
8,228,228.nfl.com.png
0,2280,2280.drupal.org.png
1,2281,2281.tiu.ru.png
1,2285,2285.nmisr.com.png
6,2287,2287.livetv.sx.png
3,2288,2288.vidbull.com.png
8,229,229.mystart.com.png
11,2291,2291.lidl.de.png
9,2294,2294.googleapis.com.png
0,2295,2295.dominos.com.png
0,2296,2296.chegg.com.png
12,2299,2299.sporx.com.png
9,23,23.instagram.com.png
8,230,230.wix.com.png
8,2300,2300.infojobs.net.png
11,2302,2302.irecommend.ru.png
17,2306,2306.collegehumor.com.png
13,2307,2307.huffingtonpost.co.uk.png
11,2308,2308.whatculture.com.png
8,2309,2309.chomikuj.pl.png
8,231,231.steamcommunity.com.png
11,2310,2310.tecmundo.com.br.png
1,2311,2311.ilbe.com.png
