0,1,1.google.com.png
0,10,10.google.co.in.png
0,12,12.live.com.png
0,14,14.linkedin.com.png
0,15,15.yahoo.co.jp.png
0,16,16.weibo.com.png
0,17,17.ebay.com.png
0,18,18.google.co.jp.png
0,19,19.yandex.ru.png
0,2,2.facebook.com.png
0,20,20.bing.com.png
0,21,21.vk.com.png
0,23,23.instagram.com.png
0,24,24.google.de.png
0,25,25.t.co.png
0,26,26.msn.com.png
0,27,27.amazon.co.jp.png
0,29,29.google.co.uk.png
0,30,30.pinterest.com.png
0,31,31.ask.com.png
0,32,32.reddit.com.png
0,33,33.mail.ru.png
0,34,34.wordpress.com.png
0,35,35.google.fr.png
0,37,37.paypal.com.png
1,38,38.onclickads.net.png
2,39,39.google.com.br.png
2,4,4.baidu.com.png
2,40,40.tumblr.com.png
2,41,41.google.ru.png
2,42,42.apple.com.png
2,43,43.aliexpress.com.png
2,45,45.microsoft.com.png
2,46,46.imgur.com.png
2,48,48.google.it.png
3,49,49.imdb.com.png
3,5,5.yahoo.com.png
3,50,50.google.es.png
3,51,51.netflix.com.png
4,53,53.amazon.de.png
5,54,54.fc2.com.png
6,56,56.alibaba.com.png
7,57,57.go.com.png
8,58,58.stackoverflow.com.png
9,59,59.ok.ru.png
9,6,6.amazon.com.png
9,60,60.google.com.mx.png
9,61,61.google.ca.png
9,62,62.amazon.in.png
9,63,63.google.com.hk.png
9,64,64.amazon.co.uk.png
9,65,65.tianya.cn.png
9,66,66.craigslist.org.png
9,68,68.pornhub.com.png
9,69,69.naver.com.png
10,7,7.wikipedia.org.png
10,71,71.diply.com.png
10,72,72.google.com.tr.png
10,74,74.flipkart.com.png
10,75,75.espn.go.com.png
10,77,77.nicovideo.jp.png
10,78,78.outbrain.com.png
10,79,79.google.co.id.png
10,80,80.cnn.com.png
10,81,81.dropbox.com.png
11,84,84.google.co.kr.png
12,85,85.github.com.png
13,87,87.ebay.de.png
14,90,90.google.pl.png
15,91,91.google.com.au.png
16,94,94.popads.net.png
17,95,95.ebay.co.uk.png
18,97,97.dailymotion.com.png
19,99,99.adobe.com.png
